#+---------------------+ #
#| Tables_in_listaweb1 | #
#+---------------------+ #
#| alunos              | #
#| cursos              | #
#| disciplinas         | #
#| turmas              | #
#+---------------------+ #
##########################

CREATE DATABASE  IF NOT EXISTS `listaweb1` /*!40100 DEFAULT CHARACTER SET latin1 */;
USE `listaweb1`;

-- TABLE cursos
DROP TABLE IF EXISTS `cursos`;

CREATE TABLE `cursos` (
  `cod_curso` int(11) NOT NULL,
  `nome_curso` varchar(30) DEFAULT NULL,
  PRIMARY KEY (`cod_curso`)
) ENGINE=InnoDB DEFAULT CHARSET=utf8;

LOCK TABLES `cursos` WRITE;

INSERT INTO `cursos` VALUES (170,'CIENCIA DA COMPUTACAO'),(171,'SISTEMAS DE INFORMACAO'),(172,'ENGENHARIA DE COMPUTACAO'),(210,'MEDICINA'),(230,'ENFERMAGEM'),(235,'NUTRIÇĂO'),(310,'ADMINISTRAÇĂO'),(341,'DIREITO'),(480,'PSCICOLOGIA'),(570,'MATEMÁTICA');

UNLOCK TABLES;

-- TABLE disciplinas
DROP TABLE IF EXISTS `disciplinas`;

CREATE TABLE `disciplinas` (
  `cod_disciplina` varchar(8) NOT NULL,
  `nome_disciplina` varchar(40) NOT NULL,
  `nu_creditos` char(1) NOT NULL,
  PRIMARY KEY (`cod_disciplina`)
) ENGINE=InnoDB DEFAULT CHARSET=utf8;

LOCK TABLES `disciplinas` WRITE;

INSERT INTO `disciplinas` VALUES ('COMP0199','PROGRAMAÇÃO DECLARATIVA','4'),('COMP0200','PROGRAMAÇÃO PARA WEB','2'),('COMP0206','FUNDAMENTOS DE ENGENHARIA DE COMPUTAÇÃO','4'),('COMP0213','ESTRUTURA DE DADOS II','4'),('COMP0223','ARQUITETURA DE COMPUTADORES I','6'),('COMP0300','SEGURANÇA DE REDES DE COMPUTADORES','4'),('COMP0326','SISTEMAS DISTRIBUIDOS','4'),('DIRE0227','DIREITO ELEITORAL','4'),('DIRE0243','CRIMINOLOGIA','4'),('DIRE0248','DIREITO DE FAMILIA','4'),('DIRE0258','DIREITO ECONOMICO','4'),('FISI0260','FISICA 1','4'),('MEDI0069','EPIDEMIOLOGIA I','4'),('MEDI0079','SAÚDE DA CRIANÇA I','6'),('MEDI0087','SAÚDE DA CRIANÇA II','6'),('NUTR0056','TÉCNICA DIETÉTICA I','4'),('PSIC0063','PSICOLOGIA GERAL','4'),('PSIC0132','PSICODRAMA','4');

UNLOCK TABLES;

-- TABLE turmas
DROP TABLE IF EXISTS `turmas`;

CREATE TABLE `turmas` (
  `cod_disciplina` varchar(8) NOT NULL,
  `cod_turma` varchar(3) NOT NULL,
  `turno_manha` varchar(6) DEFAULT NULL,
  `turno_tarde` varchar(6) DEFAULT NULL,
  `turno_noite` varchar(6) DEFAULT NULL,
  PRIMARY KEY (`cod_disciplina`,`cod_turma`),
  CONSTRAINT `pk_cod_disciplina-turmas-disciplinas` FOREIGN KEY (`cod_disciplina`) REFERENCES `disciplinas` (`cod_disciplina`)
) ENGINE=InnoDB DEFAULT CHARSET=utf8;

LOCK TABLES `turmas` WRITE;

INSERT INTO `turmas` VALUES ('COMP0199','T01',NULL,'24T34',NULL),('COMP0200','T01',NULL,'6T12',NULL),('COMP0200','T02',NULL,'6T56',NULL),('COMP0206','T01',NULL,'4T56',NULL),('COMP0213','T01',NULL,'2T3456',NULL),('COMP0213','T02',NULL,'3T3456',NULL),('COMP0223','T03',NULL,'245T34',NULL);

UNLOCK TABLES;

-- TABLE alunos

DROP TABLE IF EXISTS `alunos`;

CREATE TABLE `alunos` (
  `cod_matricula` bigint(12) NOT NULL,
  `nome_aluno` varchar(80) NOT NULL,
  `cod_disciplina` varchar(8) NOT NULL,
  `cod_turma` varchar(3) NOT NULL,
  `cod_curso` int(11) NOT NULL,
  PRIMARY KEY (`cod_matricula`),
  KEY `pk_cod_curso-alunos-cursos` (`cod_curso`),
  KEY `pk_cod_turma-turmas` (`cod_disciplina`,`cod_turma`),
  CONSTRAINT `pk_cod_curso-alunos-cursos` FOREIGN KEY (`cod_curso`) REFERENCES `cursos` (`cod_curso`),
  CONSTRAINT `pk_cod_turma-turmas` FOREIGN KEY (`cod_disciplina`, `cod_turma`) REFERENCES `turmas` (`cod_disciplina`, `cod_turma`)
) ENGINE=InnoDB DEFAULT CHARSET=utf8;

LOCK TABLES `alunos` WRITE;

INSERT INTO `alunos` VALUES (201010006552,'AUTINOLUZ RUIZ PATROCLO','COMP0200','T01',170),(201010012864,'CLEVERTON SOUZA SANTOS','COMP0200','T01',170),(201110006470,'ANDRE BIRIBA TEIXEIRA','COMP0200','T01',170),(201110007862,'CARLOS GABRIEL SANTOS NUNES','COMP0200','T01',171),(201110013054,'JORGE MENESES SOUSA','COMP0200','T01',170),(201120002320,'ALEXANDRE DE SOUSA MUTTI','COMP0200','T01',170),(201210000576,'MARCOS BARBOSA BOMFIM','COMP0200','T01',170),(201210008171,'DANIELA DOS SANTOS','COMP0200','T01',170),(201210008350,'MATHEUS DA SILVA BARRETO','COMP0200','T01',170),(201210010213,'EDUARDO JOSEPH OLIVEIRA AZEVEDO','COMP0200','T01',171),(201220002153,'JEFFERSON DE JESUS BARBOSA','COMP0200','T01',170),(201310015491,'ARIEL FERREIRA RODRIGUES','COMP0200','T01',170),(201310015660,'JONATHAS SILVA SANTOS','COMP0200','T01',170),(201310035485,'MICHAEL MELO DE MENDONCA','COMP0200','T01',170),(201320001524,'JUAN CARLOS ALVES DE SOUSA','COMP0200','T01',170),(201320007410,'NATA DE ALEXANDRIA MENEZES','COMP0200','T01',170),(201320027932,'YURI CAMPOS ARAUJO','COMP0200','T01',170),(201410022775,'FELIPE MATHEUS CONCEICAO DA SILVA','COMP0200','T01',170),(201410022864,'JONAS CLEBER SANTOS NASCIMENTO','COMP0200','T01',170),(201410096017,'FABRICIO OLIVEIRA CAETANO','COMP0200','T01',171),(201410128738,'TAYLAN NALIMAR CRUZ CELESTINO','COMP0200','T01',172),(201420006265,'JONAS FERREIRA SANTOS','COMP0200','T01',170),(201420029241,'JOSE MARCOS SACRAMENTO FILHO','COMP0200','T01',170),(201420029724,'TARSIS DE JESUS SANTOS','COMP0200','T01',170),(201420040650,'JOSÉ BALBINO DE JESUS FILHO','COMP0200','T01',170),(201500018207,'LAWRENSE MARCAL CANTAO','COMP0200','T01',170),(201500018584,'GABRIEL PRATA GOIS','COMP0200','T01',170),(201500018824,'WILLE MATHEUS DA SILVA','COMP0200','T01',170),(201500030927,'FILLIPE ALMEIDA PAZ','COMP0200','T01',170),(201500305484,'ARYELLA MACHADO LACERDA','COMP0200','T01',170),(201500305724,'MARCILIO DE JESUS SILVA SANTOS','COMP0200','T01',170),(201600016662,'DAVI RICARDO INOCENCIO DOS SANTOS','COMP0200','T01',170),(201600016690,'EDUARDO JUNIO SANTOS MACEDO','COMP0200','T01',170),(201600016902,'JOAO VITOR RIBEIRO VIANA','COMP0200','T01',170),(201600016920,'JOELIO VILANOVA RIBEIRO','COMP0200','T01',170),(201600016967,'JULIO ANTONIO GOMES OLIVEIRA','COMP0200','T01',170),(201600017098,'MURILO DOS ANJOS MONTINO','COMP0200','T01',170),(201600017178,'TULASI MAHARANI DEVI DASI FONSECA MACIEL','COMP0200','T01',171),(201600017427,'JOAO MARCELO DOS SANTOS NASCIMENTO','COMP0200','T01',170),(201600029778,'MATHEUS SIMOES DIAS SANTOS','COMP0200','T01',170),(201600091587,'DANIELLE TAYNARA DOS SANTOS SILVA','COMP0200','T01',170),(201600091596,'DAVI SANTOS DO NASCIMENTO','COMP0200','T01',170),(201600091694,'FABRICIO JOAQUIM DOS SANTOS MELO','COMP0200','T01',170),(201600091970,'JOAO PEDRO SANTOS DA SILVA','COMP0200','T01',170),(201600092261,'MATEUS FERREIRA NOGUEIRA','COMP0200','T01',170),(201600092468,'REBERTTY MACEDO DA SILVA','COMP0200','T01',170);

UNLOCK TABLES;